video_id,eval_frames,total_gt,total_pred,tp,fp,fn,id_switches,mota,motp,idf1,precision,recall
0002_arm01_gopro1_20200322_222554_beh7_ani1_ins1_cut_1,15,120,165,70,95,50,2,-22.5,74.44,48.42,42.42,58.33
0004_arm01_gopro1_20200322_222554_beh1_ani2_ins1_cut_39,15,117,165,49,116,68,0,-57.26,71.09,34.75,29.7,41.88
0040_arm01_gopro1_20200322_233642_beh7_ani8_ins1_cut_1,15,90,75,63,12,27,0,56.67,74.48,76.36,84.0,70.0
0040_arm01_gopro1_20200322_233642_beh7_ani8_ins1_cut_2,15,98,75,75,0,23,0,76.53,81.16,86.71,100.0,76.53
0040_arm01_gopro1_20200322_233642_beh7_ani8_ins1_cut_4,15,30,90,30,60,0,0,-100.0,84.55,50.0,33.33,100.0
0047_arm01_gopro1_20200322_235424_beh7_ani1_ins1_cut_1,15,92,120,69,51,23,0,19.57,81.52,65.09,57.5,75.0
0051_arm01_gopro1_20200322_235424_beh8_ani1_ins2_cut_2,15,32,60,32,28,0,0,12.5,78.73,69.57,53.33,100.0
0051_arm01_gopro1_20200322_235424_beh8_ani1_ins2_cut_3,15,90,75,54,21,36,2,34.44,75.26,64.24,72.0,60.0
0054_arm01_gopro1_20200322_235424_beh5_ani2_ins1_cut_2,15,77,60,36,24,41,0,15.58,81.67,52.55,60.0,46.75
0055_arm01_gopro1_20200322_235424_beh7_ani2_ins1_cut_1,15,90,90,56,34,34,0,24.44,85.74,62.22,62.22,62.22
0071_arm01_gopro1_20200322_235424_beh1_ani6_ins4_cut_16,15,90,90,61,29,29,2,33.33,67.25,64.44,67.78,67.78
0082_arm01_gopro1_20200323_001206_beh7_ani4_ins1_cut_1,15,79,75,31,44,48,3,-20.25,70.78,40.26,41.33,39.24
0089_arm01_gopro1_20200323_002948_beh7_ani2_ins1_cut_2,15,96,105,70,35,26,0,36.46,79.1,69.65,66.67,72.92
0089_arm01_gopro1_20200323_002948_beh7_ani2_ins1_cut_4,15,30,105,30,75,0,0,-150.0,80.25,44.44,28.57,100.0
0098_arm01_gopro1_20200323_002948_beh7_ani3_ins1_cut_1,15,120,105,102,3,18,0,82.5,78.73,90.67,97.14,85.0
0098_arm01_gopro1_20200323_002948_beh7_ani3_ins1_cut_2,15,111,105,92,13,19,0,71.17,82.12,85.19,87.62,82.88
0104_arm01_gopro1_20200323_002948_beh1_ani4_ins1_cut_61,15,102,105,80,25,22,1,52.94,74.79,77.29,76.19,78.43
0113_arm01_gopro1_20200323_004730_beh7_ani1_ins1_cut_2,15,104,120,71,49,33,0,21.15,82.85,63.39,59.17,68.27
0132_arm01_gopro1_20200323_004730_beh8_ani2_ins1_cut_1,15,69,75,55,20,14,6,42.03,80.36,70.83,73.33,79.71
0135_arm01_gopro1_20200323_004730_beh1_ani3_ins2_cut_13,15,60,135,60,75,0,0,-25.0,77.61,61.54,44.44,100.0
0161_arm01_gopro1_20200323_012254_beh7_ani8_ins2_cut_1,15,60,105,47,58,13,0,-18.33,78.73,56.97,44.76,78.33
0178_arm01_gopro1_20200323_014036_beh7_ani2_ins1_cut_1,15,105,135,60,75,45,1,-15.24,83.19,50.0,44.44,57.14
0187_arm01_gopro1_20200323_014036_beh1_ani3_ins2_cut_24,15,81,105,73,32,8,0,50.62,85.46,78.49,69.52,90.12
0190_arm01_gopro1_20200323_014036_beh7_ani6_ins1_cut_1,15,53,90,18,72,35,0,-101.89,87.8,25.17,20.0,33.96
0190_arm01_gopro1_20200323_014036_beh7_ani6_ins1_cut_2,15,36,135,27,108,9,0,-225.0,74.58,31.58,20.0,75.0
0196_arm01_gopro1_20200323_023342_beh7_ani2_ins1_cut_1,15,120,135,70,65,50,0,4.17,83.14,54.9,51.85,58.33
0196_arm01_gopro1_20200323_023342_beh7_ani2_ins1_cut_5,15,105,135,90,45,15,0,42.86,81.39,75.0,66.67,85.71
0196_arm01_gopro1_20200323_023342_beh7_ani2_ins1_cut_9,15,42,120,25,95,17,0,-166.67,76.16,30.86,20.83,59.52
0198_arm01_gopro1_20200323_023342_beh5_ani2_ins1_cut_1,15,120,165,117,48,3,0,57.5,76.3,82.11,70.91,97.5
0199_arm01_gopro1_20200323_023342_beh3_ani3_ins1_cut_1,15,90,105,63,42,27,0,23.33,83.38,64.62,60.0,70.0
0199_arm01_gopro1_20200323_023342_beh3_ani3_ins1_cut_9,15,75,105,59,46,16,0,17.33,88.62,65.56,56.19,78.67
0219_arm01_gopro1_20200323_023342_beh6_ani4_ins2_cut_3,15,60,135,60,75,0,0,-25.0,75.88,61.54,44.44,100.0
0224_arm01_gopro1_20200323_023342_beh7_ani6_ins1_cut_1,15,107,135,95,40,12,0,51.4,79.03,78.51,70.37,88.79
0231_arm01_gopro1_20200323_023342_beh6_ani6_ins2_cut_15,15,105,90,75,15,30,0,57.14,82.77,76.92,83.33,71.43
0231_arm01_gopro1_20200323_023342_beh6_ani6_ins2_cut_24,15,90,75,45,30,45,0,16.67,82.93,54.55,60.0,50.0
0233_arm01_gopro1_20200323_023342_beh7_ani8_ins1_cut_1,15,112,135,88,47,24,0,36.61,79.74,71.26,65.19,78.57
0233_arm01_gopro1_20200323_023342_beh7_ani8_ins1_cut_3,15,107,135,98,37,9,0,57.01,75.88,80.99,72.59,91.59
0235_arm01_gopro1_20200323_023342_beh5_ani8_ins2_cut_2,15,105,135,76,59,29,0,16.19,78.99,63.33,56.3,72.38
0235_arm01_gopro1_20200323_023342_beh5_ani8_ins2_cut_4,15,110,120,70,50,40,0,18.18,77.12,60.87,58.33,63.64
0235_arm01_gopro1_20200323_023342_beh5_ani8_ins2_cut_6,15,90,150,45,105,45,0,-66.67,80.05,37.5,30.0,50.0
0235_arm01_gopro1_20200323_023342_beh5_ani8_ins2_cut_8,15,109,135,94,41,15,0,48.62,79.52,77.05,69.63,86.24
0238_arm01_gopro1_20200323_023342_beh4_ani8_ins1_cut_11,15,73,90,55,35,18,0,27.4,83.58,67.48,61.11,75.34
0238_arm01_gopro1_20200323_023342_beh4_ani8_ins1_cut_16,15,90,105,90,15,0,0,83.33,82.16,92.31,85.71,100.0
0238_arm01_gopro1_20200323_023342_beh4_ani8_ins1_cut_19,15,75,90,47,43,28,0,5.33,89.48,56.97,52.22,62.67
0239_arm01_gopro1_20200323_034430_beh6_ani1_ins1_cut_16,15,120,135,105,30,15,0,62.5,79.88,82.35,77.78,87.5
0241_arm01_gopro1_20200323_034430_beh6_ani2_ins1_cut_2,15,113,135,105,30,8,0,66.37,82.6,84.68,77.78,92.92
0251_arm01_gopro1_20200323_034430_beh8_ani4_ins3_cut_1,15,119,165,107,58,12,0,41.18,82.55,75.35,64.85,89.92
0251_arm01_gopro1_20200323_034430_beh8_ani4_ins3_cut_2,15,114,165,92,73,22,0,16.67,83.32,65.95,55.76,80.7
0253_arm01_gopro1_20200323_034430_beh8_ani4_ins4_cut_1,15,100,165,92,73,8,0,19.0,77.79,69.43,55.76,92.0
0253_arm01_gopro1_20200323_034430_beh8_ani4_ins4_cut_2,15,105,150,88,62,17,0,24.76,83.27,69.02,58.67,83.81
0254_arm01_gopro1_20200323_034430_beh6_ani4_ins1_cut_17,15,15,180,15,165,0,0,-1000.0,86.62,15.38,8.33,100.0
0254_arm01_gopro1_20200323_034430_beh6_ani4_ins1_cut_26,15,120,150,97,53,23,0,36.67,82.71,71.85,64.67,80.83
0254_arm01_gopro1_20200323_034430_beh6_ani4_ins1_cut_31,15,120,135,104,31,16,0,60.83,77.47,81.57,77.04,86.67
0254_arm01_gopro1_20200323_034430_beh6_ani4_ins1_cut_39,15,120,105,90,15,30,0,62.5,76.19,80.0,85.71,75.0
0254_arm01_gopro1_20200323_034430_beh6_ani4_ins1_cut_40,15,120,105,90,15,30,0,62.5,78.51,80.0,85.71,75.0
0254_arm01_gopro1_20200323_034430_beh6_ani4_ins1_cut_41,15,120,135,97,38,23,3,46.67,80.0,76.08,71.85,80.83
0254_arm01_gopro1_20200323_034430_beh6_ani4_ins1_cut_5,15,87,150,86,64,1,0,25.29,87.02,72.57,57.33,98.85
0254_arm01_gopro1_20200323_034430_beh6_ani4_ins1_cut_8,15,120,180,102,78,18,0,20.0,79.34,68.0,56.67,85.0
0258_arm01_gopro1_20200323_034430_beh4_ani6_ins1_cut_13,15,120,195,120,75,0,0,37.5,83.83,76.19,61.54,100.0
0258_arm01_gopro1_20200323_034430_beh4_ani6_ins1_cut_14,15,120,210,117,93,3,0,20.0,82.45,70.91,55.71,97.5
0258_arm01_gopro1_20200323_034430_beh4_ani6_ins1_cut_15,15,85,195,75,120,10,0,-52.94,79.56,49.29,38.46,88.24
0258_arm01_gopro1_20200323_034430_beh4_ani6_ins1_cut_22,15,120,180,90,90,30,0,0.0,77.67,60.0,50.0,75.0
0258_arm01_gopro1_20200323_034430_beh4_ani6_ins1_cut_23,15,73,180,67,113,6,2,-65.75,85.12,52.96,37.22,91.78
0258_arm01_gopro1_20200323_034430_beh4_ani6_ins1_cut_27,15,106,150,82,68,24,0,13.21,83.4,64.06,54.67,77.36
0258_arm01_gopro1_20200323_034430_beh4_ani6_ins1_cut_29,15,120,165,88,77,32,0,9.17,76.27,61.75,53.33,73.33
0258_arm01_gopro1_20200323_034430_beh4_ani6_ins1_cut_31,15,113,150,105,45,8,2,51.33,83.91,79.85,70.0,92.92
0258_arm01_gopro1_20200323_034430_beh4_ani6_ins1_cut_36,15,120,120,105,15,15,0,75.0,78.73,87.5,87.5,87.5
0258_arm01_gopro1_20200323_034430_beh4_ani6_ins1_cut_3,15,105,150,94,56,11,0,36.19,80.88,73.73,62.67,89.52
0258_arm01_gopro1_20200323_034430_beh4_ani6_ins1_cut_42,15,120,120,90,30,30,0,50.0,78.35,75.0,75.0,75.0
0258_arm01_gopro1_20200323_034430_beh4_ani6_ins1_cut_46,15,120,135,105,30,15,0,62.5,77.34,82.35,77.78,87.5
0276_arm01_gopro1_20200323_230735_beh1_ani2_ins1_cut_51,15,90,90,76,14,14,1,67.78,78.72,83.33,84.44,84.44
0278_arm01_gopro1_20200323_230735_beh7_ani3_ins1_cut_1,15,105,105,71,34,34,0,35.24,72.98,67.62,67.62,67.62
0306_arm01_gopro1_20200323_232517_beh7_ani6_ins1_cut_3,15,92,90,61,29,31,0,34.78,83.91,67.03,67.78,66.3
0310_arm01_gopro1_20200323_234259_beh7_ani1_ins1_cut_2,15,73,105,64,41,9,0,31.51,81.64,71.91,60.95,87.67
0310_arm01_gopro1_20200323_234259_beh7_ani1_ins1_cut_3,15,31,105,31,74,0,0,-138.71,88.38,45.59,29.52,100.0
0310_arm01_gopro1_20200323_234259_beh7_ani1_ins1_cut_4,15,104,90,71,19,33,0,50.0,72.96,73.2,78.89,68.27
0328_arm01_gopro1_20200323_234259_beh1_ani3_ins6_cut_10,15,120,120,92,28,28,0,53.33,75.94,76.67,76.67,76.67
0336_arm01_gopro1_20200323_234259_beh7_ani8_ins1_cut_1,15,105,105,78,27,27,0,48.57,81.58,74.29,74.29,74.29
0336_arm01_gopro1_20200323_234259_beh7_ani8_ins1_cut_2,15,105,120,94,26,11,0,64.76,79.68,83.56,78.33,89.52
0345_arm01_gopro1_20200324_000041_beh1_ani8_ins2_cut_29,15,105,105,84,21,21,0,60.0,83.81,80.0,80.0,80.0
0345_arm01_gopro1_20200324_000041_beh1_ani8_ins2_cut_37,15,29,105,16,89,13,0,-251.72,60.53,23.88,15.24,55.17
0353_arm01_gopro1_20200324_001823_beh7_ani3_ins1_cut_1,15,76,105,76,29,0,0,61.84,81.2,83.98,72.38,100.0
0358_arm01_gopro1_20200324_001823_beh1_ani5_ins2_cut_14,15,120,75,68,7,52,0,50.83,77.77,69.74,90.67,56.67
0360_arm01_gopro1_20200324_003605_beh1_ani2_ins1_cut_3,15,120,120,105,15,15,0,75.0,77.39,87.5,87.5,87.5
0362_arm01_gopro1_20200324_003605_beh1_ani2_ins2_cut_15,15,110,120,97,23,13,0,67.27,82.99,84.35,80.83,88.18
0373_arm01_gopro1_20200324_003605_beh9_ani3_ins2_cut_1,15,74,120,46,74,28,2,-40.54,76.68,46.39,38.33,62.16
0379_arm01_gopro1_20200324_003605_beh8_ani3_ins3_cut_1,15,111,90,85,5,26,0,72.07,78.71,84.58,94.44,76.58
0382_arm01_gopro1_20200324_003605_beh9_ani3_ins4_cut_1,15,120,120,91,29,29,1,50.83,73.17,75.0,75.83,75.83
0382_arm01_gopro1_20200324_003605_beh9_ani3_ins4_cut_2,15,60,105,46,59,14,0,-21.67,80.76,55.76,43.81,76.67
0397_arm01_gopro1_20200324_005347_beh1_ani1_ins2_cut_12,15,105,105,79,26,26,0,50.48,77.52,75.24,75.24,75.24
0400_arm01_gopro1_20200324_005347_beh7_ani2_ins1_cut_3,15,120,90,71,19,49,0,43.33,73.86,67.62,78.89,59.17
0405_arm01_gopro1_20200324_005347_beh1_ani6_ins1_cut_42,15,120,105,94,11,26,1,68.33,80.09,83.56,89.52,78.33
0408_arm01_gopro1_20200324_011129_beh7_ani1_ins1_cut_2,15,105,120,96,24,9,1,67.62,77.37,84.44,80.0,91.43
0408_arm01_gopro1_20200324_011129_beh7_ani1_ins1_cut_3,15,89,120,85,35,4,0,56.18,78.45,81.34,70.83,95.51
0421_arm01_gopro1_20200324_011129_beh8_ani3_ins1_cut_1,15,75,105,62,43,13,0,25.33,74.01,68.89,59.05,82.67
0423_arm01_gopro1_20200324_011129_beh1_ani3_ins3_cut_4,15,105,105,86,19,19,0,63.81,74.57,81.9,81.9,81.9
0430_arm01_gopro1_20200324_011129_beh7_ani4_ins1_cut_1,15,120,105,63,42,57,0,17.5,73.42,56.0,60.0,52.5
0438_arm01_gopro1_20200324_011129_beh7_ani6_ins1_cut_1,15,119,120,99,21,20,0,65.55,73.1,82.85,82.5,83.19
0440_arm01_gopro1_20200324_014653_beh1_ani2_ins1_cut_16,15,63,75,34,41,29,6,-20.63,73.47,37.68,45.33,53.97
0445_arm01_gopro1_20200324_014653_beh7_ani5_ins1_cut_1,15,105,90,85,5,20,1,75.24,71.96,87.18,94.44,80.95
0471_arm01_gopro1_20200324_020435_beh7_ani1_ins1_cut_2,15,90,30,24,6,66,0,20.0,78.76,40.0,80.0,26.67
0482_arm01_gopro1_20200324_020435_beh9_ani5_ins1_cut_1,15,112,90,60,30,52,0,26.79,75.13,59.41,66.67,53.57
0494_arm01_gopro1_20200324_025741_beh5_ani3_ins2_cut_1,15,92,60,40,20,52,0,21.74,76.32,52.63,66.67,43.48
0494_arm01_gopro1_20200324_025741_beh5_ani3_ins2_cut_4,15,90,90,76,14,14,0,68.89,77.03,84.44,84.44,84.44
0519_arm01_gopro1_20200324_025741_beh7_ani4_ins6_cut_1,15,120,105,88,17,32,0,59.17,76.67,78.22,83.81,73.33
0523_arm01_gopro1_20200324_025741_beh7_ani4_ins7_cut_1,15,75,90,74,16,1,0,77.33,79.88,89.7,82.22,98.67
0524_arm01_gopro1_20200324_025741_beh8_ani4_ins6_cut_1,15,93,75,56,19,37,0,39.78,85.6,66.67,74.67,60.22
0524_arm01_gopro1_20200324_025741_beh8_ani4_ins6_cut_2,15,105,75,59,16,46,0,40.95,75.28,65.56,78.67,56.19
0525_arm01_gopro1_20200324_025741_beh7_ani8_ins1_cut_1,15,75,105,74,31,1,0,57.33,79.26,82.22,70.48,98.67
0525_arm01_gopro1_20200324_025741_beh7_ani8_ins1_cut_2,15,120,90,85,5,35,0,66.67,80.08,80.95,94.44,70.83
0530_arm01_gopro1_20200324_221607+0000_beh7_ani3_ins1_cut_1,15,105,75,44,31,61,0,12.38,72.77,48.89,58.67,41.9
0541_arm01_gopro1_20200324_223349+0000_beh7_ani1_ins1_cut_1,15,90,90,72,18,18,0,60.0,71.59,80.0,80.0,80.0
0553_arm01_gopro1_20200324_223349+0000_beh7_ani5_ins1_cut_1,15,94,75,57,18,37,0,41.49,73.42,67.46,76.0,60.64
0561_arm01_gopro1_20200324_223349+0000_beh7_ani8_ins1_cut_1,15,86,90,53,37,33,2,16.28,76.49,57.95,58.89,61.63
0566_arm01_gopro1_20200324_225131_beh7_ani1_ins1_cut_1,15,115,90,54,36,61,0,15.65,72.54,52.68,60.0,46.96
0577_arm01_gopro1_20200324_225131_beh7_ani5_ins1_cut_1,15,119,75,61,14,58,0,39.5,70.25,62.89,81.33,51.26
0577_arm01_gopro1_20200324_225131_beh7_ani5_ins1_cut_2,15,120,105,68,37,52,0,25.83,77.66,60.44,64.76,56.67
0582_arm01_gopro1_20200324_225131_beh8_ani8_ins1_cut_1,15,111,120,100,20,11,0,72.07,76.39,86.58,83.33,90.09
0587_arm01_gopro1_20200324_225131_beh8_ani8_ins3_cut_1,15,109,120,85,35,24,0,45.87,75.85,74.24,70.83,77.98
0595_arm01_gopro1_20200324_230913_beh1_ani1_ins1_cut_28,15,120,90,50,40,70,1,7.5,65.78,44.76,55.56,41.67
0604_arm01_gopro1_20200324_230913_beh8_ani8_ins1_cut_1,15,109,120,71,49,38,1,19.27,79.77,61.14,59.17,65.14
0604_arm01_gopro1_20200324_230913_beh8_ani8_ins1_cut_2,15,53,120,38,82,15,0,-83.02,76.41,43.93,31.67,71.7
0604_arm01_gopro1_20200324_230913_beh8_ani8_ins1_cut_3,15,84,105,59,46,25,0,15.48,78.9,62.43,56.19,70.24
0611_arm01_gopro1_20200324_232655_beh7_ani1_ins1_cut_1,15,58,75,34,41,24,1,-13.79,78.72,51.13,45.33,58.62
0613_arm01_gopro1_20200324_232655_beh1_ani2_ins1_cut_44,15,33,105,30,75,3,1,-139.39,76.33,42.03,28.57,90.91
0620_arm01_gopro1_20200324_232655_beh7_ani5_ins1_cut_1,15,67,90,42,48,25,0,-8.96,79.12,53.5,46.67,62.69
0620_arm01_gopro1_20200324_232655_beh7_ani5_ins1_cut_2,15,66,75,55,20,11,0,53.03,73.67,78.01,73.33,83.33
0623_arm01_gopro1_20200324_232655_beh1_ani6_ins1_cut_62,15,114,105,89,16,25,1,63.16,72.36,81.28,84.76,78.07
0635_arm01_gopro1_20200324_232655_beh7_ani8_ins1_cut_1,15,81,90,70,20,11,0,61.73,81.16,81.87,77.78,86.42
0641_arm01_gopro1_20200324_234437_beh7_ani2_ins1_cut_1,15,120,105,93,12,27,1,66.67,80.1,78.22,88.57,77.5
0644_arm01_gopro1_20200324_234437_beh6_ani8_ins1_cut_15,15,83,75,65,10,18,0,66.27,76.1,82.28,86.67,78.31
0644_arm01_gopro1_20200324_234437_beh6_ani8_ins1_cut_9,15,81,90,55,35,26,0,24.69,69.08,64.33,61.11,67.9
0649_arm01_gopro1_20200324_234437_beh5_ani8_ins3_cut_1,15,75,90,59,31,16,0,37.33,78.84,71.52,65.56,78.67
0675_arm01_gopro1_20200325_002001_beh5_ani8_ins3_cut_1,15,15,75,15,60,0,0,-300.0,66.66,33.33,20.0,100.0
0680_arm01_gopro1_20200325_002001_beh8_ani8_ins4_cut_2,15,60,75,60,15,0,0,75.0,83.1,88.89,80.0,100.0
0680_arm01_gopro1_20200325_002001_beh8_ani8_ins4_cut_3,15,60,75,44,31,16,0,21.67,73.35,65.19,58.67,73.33
0694_arm01_gopro1_20200325_003743_beh5_ani2_ins1_cut_1,15,71,75,50,25,21,0,35.21,71.63,68.49,66.67,70.42
0706_arm01_gopro1_20200325_024137_beh5_ani4_ins2_cut_1,15,118,135,90,45,28,0,38.14,79.17,71.15,66.67,76.27
0719_arm01_gopro1_20200325_024137_beh7_ani8_ins1_cut_3,15,75,90,60,30,15,0,40.0,76.44,72.73,66.67,80.0
0728_arm01_gopro1_20200325_025919_beh5_ani1_ins2_cut_10,15,60,45,30,15,30,0,25.0,78.94,57.14,66.67,50.0
0728_arm01_gopro1_20200325_025919_beh5_ani1_ins2_cut_4,15,83,60,41,19,42,0,26.51,70.38,57.34,68.33,49.4
0733_arm01_gopro1_20200325_025919_beh3_ani4_ins2_cut_12,15,51,30,21,9,30,0,23.53,89.5,51.85,70.0,41.18
0733_arm01_gopro1_20200325_025919_beh3_ani4_ins2_cut_14,15,45,75,30,45,15,0,-33.33,81.51,50.0,40.0,66.67
0733_arm01_gopro1_20200325_025919_beh3_ani4_ins2_cut_17,15,22,60,19,41,3,0,-100.0,79.06,46.34,31.67,86.36
0733_arm01_gopro1_20200325_025919_beh3_ani4_ins2_cut_18,15,18,30,15,15,3,0,0.0,80.14,62.5,50.0,83.33
0733_arm01_gopro1_20200325_025919_beh3_ani4_ins2_cut_20,15,31,60,15,45,16,0,-96.77,82.24,32.97,25.0,48.39
0733_arm01_gopro1_20200325_025919_beh3_ani4_ins2_cut_23,15,60,60,20,40,40,0,-33.33,85.17,33.33,33.33,33.33
0733_arm01_gopro1_20200325_025919_beh3_ani4_ins2_cut_27,15,89,45,30,15,59,0,16.85,83.06,44.78,66.67,33.71
0733_arm01_gopro1_20200325_025919_beh3_ani4_ins2_cut_31,15,30,60,25,35,5,0,-33.33,68.1,55.56,41.67,83.33
0733_arm01_gopro1_20200325_025919_beh3_ani4_ins2_cut_8,15,52,45,30,15,22,0,28.85,72.06,61.86,66.67,57.69
0742_arm01_gopro1_20200325_025919_beh5_ani5_ins5_cut_2,15,23,30,18,12,5,1,21.74,90.87,67.92,60.0,78.26
0742_arm01_gopro1_20200325_025919_beh5_ani5_ins5_cut_4,15,20,45,20,25,0,0,-25.0,74.52,61.54,44.44,100.0
0742_arm01_gopro1_20200325_025919_beh5_ani5_ins5_cut_8,15,22,45,17,28,5,0,-50.0,76.33,50.75,37.78,77.27
0749_arm01_gopro1_20200325_025919_beh3_ani5_ins3_cut_10,12,18,48,15,33,3,0,-100.0,88.61,45.45,31.25,83.33
0749_arm01_gopro1_20200325_025919_beh3_ani5_ins3_cut_18,15,30,45,27,18,3,0,30.0,73.55,72.0,60.0,90.0
0749_arm01_gopro1_20200325_025919_beh3_ani5_ins3_cut_4,15,41,45,22,23,19,0,-2.44,71.88,51.16,48.89,53.66
0749_arm01_gopro1_20200325_025919_beh3_ani5_ins3_cut_6,15,27,60,14,46,13,3,-129.63,68.53,32.18,23.33,51.85
0749_arm01_gopro1_20200325_025919_beh3_ani5_ins3_cut_7,15,30,30,15,15,15,0,0.0,89.04,50.0,50.0,50.0
0755_arm01_gopro1_20200325_221200_beh2_ani3_ins1_cut_1,7,27,0,0,0,27,0,0.0,0.0,0.0,0.0,0.0
0758_arm01_gopro1_20200325_221200_beh1_ani4_ins1_cut_46,15,112,90,64,26,48,0,33.93,79.92,63.37,71.11,57.14
0761_arm01_gopro1_20200325_221200_beh2_ani6_ins1_cut_6,7,27,0,0,0,27,0,0.0,0.0,0.0,0.0,0.0
0764_arm01_gopro1_20200325_221200_beh1_ani8_ins1_cut_20,15,82,120,66,54,16,2,12.2,71.11,64.36,55.0,80.49
0764_arm01_gopro1_20200325_221200_beh1_ani8_ins1_cut_22,15,105,105,66,39,39,1,24.76,72.96,61.9,62.86,62.86
0771_arm01_gopro1_20200325_222942_beh1_ani3_ins1_cut_42,15,120,105,54,51,66,0,2.5,76.83,48.0,51.43,45.0
0772_arm01_gopro1_20200325_222942_beh1_ani4_ins1_cut_4,15,65,75,49,26,16,1,33.85,76.72,65.71,65.33,75.38
0773_arm01_gopro1_20200325_222942_beh1_ani5_ins1_cut_26,15,112,120,82,38,30,0,39.29,76.45,70.69,68.33,73.21
0773_arm01_gopro1_20200325_222942_beh1_ani5_ins1_cut_54,15,108,105,74,31,34,2,37.96,73.59,68.54,70.48,68.52
0773_arm01_gopro1_20200325_222942_beh1_ani5_ins1_cut_8,15,93,90,51,39,42,1,11.83,70.03,55.74,56.67,54.84
0774_arm01_gopro1_20200325_222942_beh1_ani6_ins1_cut_6,15,94,90,54,36,40,4,14.89,78.15,58.7,60.0,57.45
0775_arm01_gopro1_20200325_222942_beh1_ani8_ins1_cut_5,15,75,105,61,44,14,0,22.67,74.05,62.22,58.1,81.33
0782_arm01_gopro1_20200325_224724_beh1_ani4_ins1_cut_29,15,100,105,64,41,36,1,22.0,76.65,62.44,60.95,64.0
0786_arm01_gopro1_20200325_230506_beh1_ani1_ins1_cut_36,15,89,60,13,47,76,0,-38.2,68.7,17.45,21.67,14.61
0789_arm01_gopro1_20200325_230506_beh9_ani2_ins1_cut_1,15,95,120,72,48,23,0,25.26,78.73,66.05,60.0,75.79
0794_arm01_gopro1_20200325_230506_beh7_ani3_ins1_cut_1,15,72,105,70,35,2,0,48.61,74.48,79.1,66.67,97.22
0800_arm01_gopro1_20200325_230506_beh1_ani4_ins1_cut_3,15,96,120,79,41,17,1,38.54,71.92,70.37,65.83,82.29
0810_arm01_gopro1_20200325_232248_beh1_ani6_ins2_cut_21,15,111,120,85,35,26,2,43.24,81.62,72.73,70.83,76.58
0810_arm01_gopro1_20200325_232248_beh1_ani6_ins2_cut_41,15,90,105,60,45,30,0,16.67,78.3,61.54,57.14,66.67
0811_arm01_gopro1_20200325_232248_beh8_ani6_ins2_cut_2,15,90,90,84,6,6,0,86.67,76.94,93.33,93.33,93.33
0826_arm01_gopro1_20200325_234030_beh7_ani8_ins1_cut_2,15,114,105,79,26,35,1,45.61,80.33,72.15,75.24,69.3
0851_arm01_gopro1_20200325_235812_beh1_ani8_ins3_cut_22,15,75,75,38,37,37,2,-1.33,66.91,45.33,50.67,50.67
0852_arm01_gopro1_20200325_235812_beh2_ani8_ins3_cut_2,15,109,120,81,39,28,1,37.61,80.04,70.74,67.5,74.31
0858_arm01_gopro1_20200326_001554_beh1_ani1_ins2_cut_32,15,90,90,73,17,17,3,58.89,75.39,80.0,81.11,81.11
0878_arm01_gopro1_20200326_003336_beh1_ani8_ins2_cut_7,15,90,90,74,16,16,0,64.44,74.3,82.22,82.22,82.22
0900_arm01_gopro1_20200326_215620_beh2_ani1_ins1_cut_5,4,15,0,0,0,15,0,0.0,0.0,0.0,0.0,0.0
0905_arm01_gopro1_20200326_215620_beh1_ani3_ins1_cut_5,15,73,60,34,26,39,0,10.96,73.78,51.13,56.67,46.58
0907_arm01_gopro1_20200326_215620_beh1_ani4_ins1_cut_5,15,56,90,40,50,16,0,-17.86,68.08,54.79,44.44,71.43
0925_arm01_gopro1_20200326_223144_beh1_ani3_ins1_cut_00019,15,80,105,76,29,4,0,58.75,76.96,82.16,72.38,95.0
0925_arm01_gopro1_20200326_223144_beh1_ani3_ins1_cut_00028,15,100,105,69,36,31,1,32.0,81.11,64.39,65.71,69.0
0925_arm01_gopro1_20200326_223144_beh1_ani3_ins1_cut_00066,15,103,105,92,13,11,0,76.7,75.31,88.46,87.62,89.32
0926_arm01_gopro1_20200326_223144_beh1_ani4_ins1_cut_00035,15,118,105,101,4,17,0,82.2,79.71,90.58,96.19,85.59
0930_arm01_gopro1_20200326_223144_beh1_ani6_ins1_cut_00050,15,118,90,57,33,61,1,19.49,79.47,54.81,63.33,48.31
0936_arm01_gopro1_20200326_224926_beh1_ani1_ins1_cut_00007,15,105,90,89,1,16,0,83.81,79.26,91.28,98.89,84.76
0947_arm01_gopro1_20200326_230708_beh1_ani3_ins2_cut_00014,15,105,75,62,13,43,0,46.67,73.79,68.89,82.67,59.05
0947_arm01_gopro1_20200326_230708_beh1_ani3_ins2_cut_00026,15,82,90,71,19,11,0,63.41,75.32,82.56,78.89,86.59
0954_arm01_gopro1_20200326_230708_beh1_ani6_ins1_cut_00044,15,103,90,61,29,42,2,29.13,75.94,61.14,67.78,59.22
0961_arm01_gopro1_20200326_232450_beh1_ani5_ins1_cut_00017,15,98,105,96,9,2,0,88.78,81.2,94.58,91.43,97.96
0964_arm01_gopro1_20200326_232450_beh1_ani8_ins2_cut_00019,15,105,90,74,16,31,0,55.24,77.04,75.9,82.22,70.48
0968_arm01_gopro1_20200326_234232_beh1_ani2_ins1_cut_00013,15,86,90,77,13,9,0,74.42,76.45,87.5,85.56,89.53
0974_arm01_gopro1_20200327_001756_beh1_ani1_ins1_cut_00004,15,120,105,86,19,34,0,55.83,80.46,76.44,81.9,71.67
0978_arm01_gopro1_20200327_001756_beh7_ani1_ins2_cut_00001,15,81,105,72,33,9,1,46.91,80.5,75.27,68.57,88.89
0988_arm01_gopro1_20200327_001756_beh1_ani6_ins2_cut_00015,15,120,90,82,8,38,3,59.17,73.12,78.1,91.11,68.33
0993_arm01_gopro1_20200327_001756_beh7_ani8_ins1_cut_00001,15,94,105,94,11,0,0,88.3,77.53,94.47,89.52,100.0
0995_arm01_gopro1_20200327_003538_beh1_ani1_ins1_cut_00001,15,105,105,79,26,26,4,46.67,77.86,75.24,75.24,75.24
0996_arm01_gopro1_20200327_003538_beh1_ani2_ins1_cut_00066,15,110,75,66,9,44,5,47.27,67.6,71.35,88.0,60.0
1001_arm01_gopro1_20200327_003538_beh1_ani8_ins1_cut_00051,15,120,120,103,17,17,0,71.67,77.34,85.83,85.83,85.83
1007_arm01_gopro1_20200327_005320_beh7_ani1_ins3_cut_00001,15,105,75,40,35,65,0,4.76,62.81,44.44,53.33,38.1
1011_arm01_gopro1_20200327_005320_beh7_ani2_ins1_cut_00001,15,57,90,55,35,2,0,35.09,77.49,74.83,61.11,96.49
1014_arm01_gopro1_20200327_005320_beh7_ani3_ins1_cut_00001,15,97,75,74,1,23,1,74.23,80.23,86.05,98.67,76.29
1025_arm01_gopro1_20200327_005320_beh7_ani5_ins1_cut_00001,15,90,120,59,61,31,0,-2.22,69.74,49.52,49.17,65.56
1030_arm01_gopro1_20200327_005320_beh7_ani6_ins1_cut_00001,15,90,75,46,29,44,2,16.67,73.14,55.76,61.33,51.11
1030_arm01_gopro1_20200327_005320_beh7_ani6_ins1_cut_00002,15,75,75,49,26,26,0,30.67,75.36,65.33,65.33,65.33
1050_arm01_gopro1_20200327_012844_beh1_ani6_ins1_cut_00015,15,105,105,104,1,1,0,98.1,83.72,99.05,99.05,99.05
1053_arm01_gopro1_20200327_012844_beh1_ani8_ins2_cut_00013,15,105,105,79,26,26,0,50.48,83.09,75.24,75.24,75.24
1058_arm01_gopro1_20200327_014626_beh7_ani1_ins2_cut_00003,15,119,90,70,20,49,1,41.18,74.3,66.99,77.78,58.82
1075_arm01_gopro1_20200327_014626_beh8_ani4_ins1_cut_00001,15,105,75,67,8,38,0,56.19,74.97,74.44,89.33,63.81
1075_arm01_gopro1_20200327_014626_beh8_ani4_ins1_cut_00002,15,75,75,33,42,42,2,-14.67,69.51,38.67,44.0,44.0
1077_arm01_gopro1_20200327_014626_beh8_ani4_ins2_cut_00001,15,69,90,66,24,3,0,60.87,80.8,83.02,73.33,95.65
1079_arm01_gopro1_20200327_014626_beh7_ani4_ins1_cut_00001,15,105,90,72,18,33,0,51.43,78.89,73.85,80.0,68.57
1081_arm01_gopro1_20200327_014626_beh7_ani4_ins2_cut_00001,15,87,120,60,60,27,1,-1.15,74.26,55.07,50.0,68.97
1092_arm01_gopro1_20200327_014626_beh8_ani4_ins5_cut_00001,15,90,90,70,20,20,0,55.56,81.26,77.78,77.78,77.78
1096_arm01_gopro1_20200327_014626_beh8_ani4_ins7_cut_00001,15,90,90,90,0,0,0,100.0,80.33,100.0,100.0,100.0
1096_arm01_gopro1_20200327_014626_beh8_ani4_ins7_cut_00002,15,90,90,58,32,32,0,28.89,82.63,64.44,64.44,64.44
1098_arm01_gopro1_20200327_014626_beh8_ani4_ins8_cut_00001,15,60,75,55,20,5,0,58.33,76.4,81.48,73.33,91.67
1105_arm01_gopro1_20200327_020408_beh1_ani1_ins1_cut_00007,15,105,90,89,1,16,0,83.81,74.56,91.28,98.89,84.76
1146_arm01_gopro1_20200327_023932_beh6_ani1_ins1_cut_00004,15,120,120,118,2,2,0,96.67,80.42,98.33,98.33,98.33
1146_arm01_gopro1_20200327_023932_beh6_ani1_ins1_cut_00013,15,120,120,120,0,0,0,100.0,79.19,100.0,100.0,100.0
1148_arm01_gopro1_20200327_023932_beh8_ani1_ins1_cut_00001,15,120,120,114,6,6,0,90.0,83.25,95.0,95.0,95.0
1162_arm01_gopro1_20200327_023932_beh6_ani3_ins1_cut_00005,15,120,105,105,0,15,0,87.5,83.17,93.33,100.0,87.5
1162_arm01_gopro1_20200327_023932_beh6_ani3_ins1_cut_00008,15,120,120,114,6,6,0,90.0,76.35,95.0,95.0,95.0
1162_arm01_gopro1_20200327_023932_beh6_ani3_ins1_cut_00017,15,120,120,116,4,4,0,93.33,80.63,96.67,96.67,96.67
1162_arm01_gopro1_20200327_023932_beh6_ani3_ins1_cut_00028,15,120,105,91,14,29,0,64.17,81.94,80.89,86.67,75.83
1162_arm01_gopro1_20200327_023932_beh6_ani3_ins1_cut_00036,15,105,105,92,13,13,0,75.24,74.09,87.62,87.62,87.62
1162_arm01_gopro1_20200327_023932_beh6_ani3_ins1_cut_00041,15,119,120,112,8,7,0,87.39,76.37,93.72,93.33,94.12
1168_arm01_gopro1_20200327_023932_beh6_ani4_ins1_cut_00004,15,120,120,120,0,0,0,100.0,77.46,100.0,100.0,100.0
1168_arm01_gopro1_20200327_023932_beh6_ani4_ins1_cut_00008,15,105,120,96,24,9,2,66.67,77.95,84.44,80.0,91.43
1168_arm01_gopro1_20200327_023932_beh6_ani4_ins1_cut_00010,15,120,120,106,14,14,0,76.67,76.58,88.33,88.33,88.33
1168_arm01_gopro1_20200327_023932_beh6_ani4_ins1_cut_00018,15,109,105,94,11,15,0,76.15,82.48,87.85,89.52,86.24
1168_arm01_gopro1_20200327_023932_beh6_ani4_ins1_cut_00023,15,120,120,120,0,0,0,100.0,79.01,100.0,100.0,100.0
1168_arm01_gopro1_20200327_023932_beh6_ani4_ins1_cut_00026,15,105,105,84,21,21,0,60.0,74.16,80.0,80.0,80.0
1179_arm01_gopro1_20200327_023932_beh6_ani5_ins1_cut_00004,15,120,120,119,1,1,0,98.33,79.47,99.17,99.17,99.17
1179_arm01_gopro1_20200327_023932_beh6_ani5_ins1_cut_00009,15,120,105,88,17,32,0,59.17,75.77,78.22,83.81,73.33
1179_arm01_gopro1_20200327_023932_beh6_ani5_ins1_cut_00025,15,85,105,78,27,7,0,60.0,79.86,82.11,74.29,91.76
1183_arm01_gopro1_20200327_023932_beh6_ani6_ins1_cut_00008,15,120,120,114,6,6,0,90.0,76.65,95.0,95.0,95.0
1190_arm01_gopro1_20200327_023932_beh1_ani6_ins2_cut_00011,15,105,120,89,31,16,2,53.33,74.26,74.67,74.17,84.76
1191_arm01_gopro1_20200327_023932_beh6_ani8_ins1_cut_00008,15,120,120,107,13,13,0,78.33,77.31,89.17,89.17,89.17
1191_arm01_gopro1_20200327_023932_beh6_ani8_ins1_cut_00014,15,105,120,90,30,15,0,57.14,72.41,80.0,75.0,85.71
1200_arm01_gopro3_20200325_000023_beh9_ani2_ins1_cut_00001,15,88,120,49,71,39,2,-27.27,75.17,46.15,40.83,55.68
1201_arm01_gopro3_20200325_000023_beh5_ani2_ins1_cut_00001,15,69,90,44,46,25,0,-2.9,72.47,55.35,48.89,63.77
1201_arm01_gopro3_20200325_000023_beh5_ani2_ins1_cut_00002,15,114,120,75,45,39,0,26.32,74.17,64.1,62.5,65.79
1203_arm01_gopro3_20200325_000023_beh1_ani5_ins1_cut_00003,15,65,105,42,63,23,0,-32.31,73.6,49.41,40.0,64.62
1203_arm01_gopro3_20200325_000023_beh1_ani5_ins1_cut_00009,15,111,105,96,9,15,0,78.38,79.99,88.89,91.43,86.49
1204_arm01_gopro3_20200325_000023_beh9_ani5_ins1_cut_00001,15,110,90,45,45,65,0,0.0,73.94,45.0,50.0,40.91
1208_arm01_gopro3_20200325_000023_beh1_ani8_ins1_cut_00002,15,64,90,54,36,10,0,28.12,75.69,70.13,60.0,84.38
1223_arm01_gopro3_20200325_020417_beh1_ani3_ins1_cut_00012,15,65,90,51,39,14,2,15.38,77.39,64.52,56.67,78.46
1227_arm01_gopro3_20200325_020417_beh3_ani8_ins1_cut_00007,15,74,90,51,39,23,0,16.22,80.29,62.2,56.67,68.92
1227_arm01_gopro3_20200325_020417_beh3_ani8_ins1_cut_00017,15,105,60,60,0,45,0,57.14,78.43,72.73,100.0,57.14
1233_arm01_gopro3_20200325_035029_beh4_ani6_ins1_cut_00001,15,45,45,45,0,0,0,100.0,73.61,100.0,100.0,100.0
1248_arm01_gopro3_20200326_024449_beh4_ani6_ins1_cut_00005,15,90,90,84,6,6,0,86.67,74.99,93.33,93.33,93.33
1259_arm01_gopro3_20200326_032013_beh6_ani1_ins1_cut_00005,15,119,105,73,32,46,0,34.45,85.95,65.18,69.52,61.34
1264_arm01_gopro3_20200326_032013_beh4_ani3_ins1_cut_00001,15,120,105,72,33,48,0,32.5,74.12,64.0,68.57,60.0
1265_arm01_gopro3_20200326_032013_beh6_ani3_ins2_cut_00004,15,120,120,68,52,52,0,13.33,79.64,56.67,56.67,56.67
1270_arm01_gopro3_20200326_032013_beh6_ani4_ins1_cut_00001,15,75,75,50,25,25,0,33.33,84.51,66.67,66.67,66.67
1270_arm01_gopro3_20200326_032013_beh6_ani4_ins1_cut_00007,15,90,75,66,9,24,0,63.33,76.67,80.0,88.0,73.33
1271_arm01_gopro3_20200326_032013_beh4_ani4_ins1_cut_00005,15,105,105,76,29,29,0,44.76,84.77,72.38,72.38,72.38
1271_arm01_gopro3_20200326_032013_beh4_ani4_ins1_cut_00009,15,120,105,80,25,40,0,45.83,84.81,71.11,76.19,66.67
1271_arm01_gopro3_20200326_032013_beh4_ani4_ins1_cut_00010,15,120,105,86,19,34,0,55.83,81.73,76.44,81.9,71.67
1275_arm01_gopro3_20200326_032013_beh6_ani8_ins1_cut_00005,15,105,75,65,10,40,0,52.38,77.91,72.22,86.67,61.9
1276_arm01_gopro3_20200326_032013_beh5_ani8_ins3_cut_00004,15,105,120,90,30,15,0,57.14,86.24,80.0,75.0,85.71
1282_arm01_gopro3_20200326_033755_beh8_ani1_ins1_cut_00001,15,105,75,70,5,35,0,61.9,79.94,77.78,93.33,66.67
1284_arm01_gopro3_20200326_033755_beh6_ani4_ins1_cut_00003,15,101,75,55,20,46,0,34.65,87.89,62.5,73.33,54.46
1287_arm01_gopro3_20200326_033755_beh3_ani4_ins1_cut_00002,15,90,90,77,13,13,0,71.11,80.92,85.56,85.56,85.56
1289_arm01_gopro3_20200326_033755_beh3_ani4_ins2_cut_00004,15,60,75,60,15,0,0,75.0,83.79,88.89,80.0,100.0
1289_arm01_gopro3_20200326_033755_beh3_ani4_ins2_cut_00010,15,75,75,50,25,25,0,33.33,79.98,66.67,66.67,66.67
1289_arm01_gopro3_20200326_033755_beh3_ani4_ins2_cut_00012,15,60,60,41,19,19,6,26.67,80.01,56.67,68.33,68.33
1291_arm01_gopro3_20200326_033755_beh6_ani8_ins1_cut_00002,15,96,75,48,27,48,0,21.88,85.13,56.14,64.0,50.0
1291_arm01_gopro3_20200326_033755_beh6_ani8_ins1_cut_00007,15,118,75,71,4,47,0,56.78,79.89,73.58,94.67,60.17
1295_arm01_gopro3_20200326_033755_beh3_ani8_ins1_cut_00005,15,45,90,45,45,0,0,0.0,90.09,66.67,50.0,100.0
1295_arm01_gopro3_20200326_033755_beh3_ani8_ins1_cut_00006,15,45,75,45,30,0,0,33.33,91.96,75.0,60.0,100.0
1295_arm01_gopro3_20200326_033755_beh3_ani8_ins1_cut_00012,15,75,75,61,14,14,0,62.67,84.95,81.33,81.33,81.33
1297_arm01_gopro3_20200326_033755_beh5_ani8_ins3_cut_00004,15,51,75,43,32,8,0,21.57,66.53,68.25,57.33,84.31
1297_arm01_gopro3_20200326_033755_beh5_ani8_ins3_cut_00012,15,75,105,26,79,49,0,-70.67,58.96,22.22,24.76,34.67
1297_arm01_gopro3_20200326_033755_beh5_ani8_ins3_cut_00017,15,60,90,60,30,0,0,50.0,88.59,80.0,66.67,100.0
1297_arm01_gopro3_20200326_033755_beh5_ani8_ins3_cut_00023,15,60,75,60,15,0,0,75.0,86.28,88.89,80.0,100.0
1297_arm01_gopro3_20200326_033755_beh5_ani8_ins3_cut_00024,15,60,90,59,31,1,1,45.0,84.53,77.33,65.56,98.33
1300_arm01_gopro4_20200323_030449_beh2_ani1_ins1_cut_00001,15,85,90,49,41,36,1,8.24,77.86,54.86,54.44,57.65
1311_arm01_gopro4_20200323_030449_beh5_ani3_ins1_cut_00003,15,119,75,60,15,59,0,37.82,83.14,61.86,80.0,50.42
1312_arm01_gopro4_20200323_030449_beh1_ani3_ins2_cut_00015,15,105,105,105,0,0,0,100.0,80.01,100.0,100.0,100.0
1315_arm01_gopro4_20200323_030449_beh1_ani6_ins2_cut_00015,15,99,75,54,21,45,1,32.32,74.1,58.62,72.0,54.55
1315_arm01_gopro4_20200323_030449_beh1_ani6_ins2_cut_00027,15,90,75,63,12,27,0,56.67,74.82,76.36,84.0,70.0
1317_arm01_gopro4_20200323_034011_beh6_ani1_ins1_cut_00003,15,120,90,90,0,30,0,75.0,85.48,85.71,100.0,75.0
1321_arm01_gopro4_20200323_034011_beh4_ani5_ins1_cut_00001,15,105,120,90,30,15,0,57.14,82.57,80.0,75.0,85.71
1321_arm01_gopro4_20200323_034011_beh4_ani5_ins1_cut_00006,15,105,120,90,30,15,0,57.14,82.64,80.0,75.0,85.71
1321_arm01_gopro4_20200323_034011_beh4_ani5_ins1_cut_00010,15,105,105,90,15,15,0,71.43,79.98,85.71,85.71,85.71
1321_arm01_gopro4_20200323_034011_beh4_ani5_ins1_cut_00019,15,90,135,90,45,0,0,50.0,83.04,80.0,66.67,100.0
1321_arm01_gopro4_20200323_034011_beh4_ani5_ins1_cut_00022,15,120,135,99,36,21,2,50.83,80.13,76.86,73.33,82.5
1321_arm01_gopro4_20200323_034011_beh4_ani5_ins1_cut_00025,15,104,120,95,25,9,0,67.31,86.85,84.82,79.17,91.35
1321_arm01_gopro4_20200323_034011_beh4_ani5_ins1_cut_00028,15,105,105,90,15,15,0,71.43,83.95,85.71,85.71,85.71
1321_arm01_gopro4_20200323_034011_beh4_ani5_ins1_cut_00035,15,105,90,75,15,30,0,57.14,84.56,76.92,83.33,71.43
1321_arm01_gopro4_20200323_034011_beh4_ani5_ins1_cut_00041,15,45,105,31,74,14,0,-95.56,85.47,41.33,29.52,68.89
1321_arm01_gopro4_20200323_034011_beh4_ani5_ins1_cut_00045,15,105,105,89,16,16,0,69.52,84.46,84.76,84.76,84.76
1324_arm01_gopro4_20200323_034011_beh6_ani8_ins1_cut_00001,15,105,120,90,30,15,0,57.14,78.8,80.0,75.0,85.71
1324_arm01_gopro4_20200323_034011_beh6_ani8_ins1_cut_00007,15,102,105,85,20,17,0,63.73,79.31,82.13,80.95,83.33
1324_arm01_gopro4_20200323_034011_beh6_ani8_ins1_cut_00024,15,105,120,101,19,4,0,78.1,85.63,89.78,84.17,96.19
1326_arm01_gopro4_20200323_035752_beh4_ani1_ins1_cut_00007,15,105,90,90,0,15,0,85.71,84.64,92.31,100.0,85.71
1327_arm01_gopro4_20200323_035752_beh6_ani1_ins2_cut_00005,15,93,120,93,27,0,0,70.97,88.32,87.32,77.5,100.0
1327_arm01_gopro4_20200323_035752_beh6_ani1_ins2_cut_00017,15,105,135,105,30,0,0,71.43,84.97,87.5,77.78,100.0
1327_arm01_gopro4_20200323_035752_beh6_ani1_ins2_cut_00028,15,120,120,115,5,5,0,91.67,78.74,95.83,95.83,95.83
1327_arm01_gopro4_20200323_035752_beh6_ani1_ins2_cut_00034,15,120,120,119,1,1,0,98.33,78.91,99.17,99.17,99.17
1328_arm01_gopro4_20200323_035752_beh5_ani1_ins1_cut_00002,15,105,105,75,30,30,0,42.86,79.97,68.57,71.43,71.43
1328_arm01_gopro4_20200323_035752_beh5_ani1_ins1_cut_00005,15,105,105,88,17,17,0,67.62,77.9,80.95,83.81,83.81
1330_arm01_gopro4_20200323_035752_beh5_ani1_ins2_cut_00004,15,120,105,105,0,15,0,87.5,83.33,93.33,100.0,87.5
1330_arm01_gopro4_20200323_035752_beh5_ani1_ins2_cut_00006,15,120,120,84,36,36,0,40.0,78.03,70.0,70.0,70.0
1330_arm01_gopro4_20200323_035752_beh5_ani1_ins2_cut_00018,15,120,90,75,15,45,0,50.0,74.27,71.43,83.33,62.5
1330_arm01_gopro4_20200323_035752_beh5_ani1_ins2_cut_00022,15,114,120,72,48,42,0,21.05,70.06,61.54,60.0,63.16
1330_arm01_gopro4_20200323_035752_beh5_ani1_ins2_cut_00051,15,94,120,93,27,1,0,70.21,84.5,86.92,77.5,98.94
1330_arm01_gopro4_20200323_035752_beh5_ani1_ins2_cut_00055,15,36,120,36,84,0,0,-133.33,86.13,46.15,30.0,100.0
1330_arm01_gopro4_20200323_035752_beh5_ani1_ins2_cut_00059,15,115,135,115,20,0,0,82.61,85.3,92.0,85.19,100.0
1330_arm01_gopro4_20200323_035752_beh5_ani1_ins2_cut_00070,15,120,150,120,30,0,0,75.0,76.72,88.89,80.0,100.0
1332_arm01_gopro4_20200323_035752_beh6_ani2_ins1_cut_00004,15,70,120,63,57,7,0,8.57,80.74,66.32,52.5,90.0
1332_arm01_gopro4_20200323_035752_beh6_ani2_ins1_cut_00007,15,120,150,117,33,3,2,68.33,75.0,84.44,78.0,97.5
1332_arm01_gopro4_20200323_035752_beh6_ani2_ins1_cut_00040,15,120,150,105,45,15,0,50.0,71.58,77.78,70.0,87.5
1332_arm01_gopro4_20200323_035752_beh6_ani2_ins1_cut_00044,15,116,105,99,6,17,0,80.17,83.06,89.59,94.29,85.34
1332_arm01_gopro4_20200323_035752_beh6_ani2_ins1_cut_00046,15,120,135,102,33,18,0,57.5,72.92,80.0,75.56,85.0
1332_arm01_gopro4_20200323_035752_beh6_ani2_ins1_cut_00048,15,120,135,120,15,0,0,87.5,71.88,94.12,88.89,100.0
1333_arm01_gopro4_20200323_035752_beh4_ani2_ins1_cut_00009,15,120,120,101,19,19,0,68.33,67.47,84.17,84.17,84.17
1333_arm01_gopro4_20200323_035752_beh4_ani2_ins1_cut_00015,15,103,105,96,9,7,0,84.47,82.52,92.31,91.43,93.2
1333_arm01_gopro4_20200323_035752_beh4_ani2_ins1_cut_00017,15,120,135,120,15,0,0,87.5,79.14,94.12,88.89,100.0
1333_arm01_gopro4_20200323_035752_beh4_ani2_ins1_cut_00019,15,120,105,105,0,15,0,87.5,82.09,93.33,100.0,87.5
1333_arm01_gopro4_20200323_035752_beh4_ani2_ins1_cut_00026,15,60,120,60,60,0,0,0.0,81.2,66.67,50.0,100.0
1333_arm01_gopro4_20200323_035752_beh4_ani2_ins1_cut_00027,15,82,120,80,40,2,1,47.56,79.12,78.22,66.67,97.56
1333_arm01_gopro4_20200323_035752_beh4_ani2_ins1_cut_00032,15,120,105,105,0,15,0,87.5,80.45,93.33,100.0,87.5
1333_arm01_gopro4_20200323_035752_beh4_ani2_ins1_cut_00033,15,99,120,99,21,0,0,78.79,79.63,90.41,82.5,100.0
1333_arm01_gopro4_20200323_035752_beh4_ani2_ins1_cut_00036,15,61,120,61,59,0,0,3.28,77.04,67.4,50.83,100.0
1333_arm01_gopro4_20200323_035752_beh4_ani2_ins1_cut_00040,15,120,120,120,0,0,0,100.0,82.05,100.0,100.0,100.0
1333_arm01_gopro4_20200323_035752_beh4_ani2_ins1_cut_00041,15,118,120,103,17,15,1,72.03,78.4,85.71,85.83,87.29
1333_arm01_gopro4_20200323_035752_beh4_ani2_ins1_cut_00046,15,120,120,115,5,5,0,91.67,82.16,95.83,95.83,95.83
1333_arm01_gopro4_20200323_035752_beh4_ani2_ins1_cut_00058,15,120,120,116,4,4,0,93.33,82.58,96.67,96.67,96.67
1333_arm01_gopro4_20200323_035752_beh4_ani2_ins1_cut_00060,15,120,120,120,0,0,0,100.0,80.42,100.0,100.0,100.0
1333_arm01_gopro4_20200323_035752_beh4_ani2_ins1_cut_00063,15,120,120,120,0,0,0,100.0,79.81,100.0,100.0,100.0
1334_arm01_gopro4_20200323_035752_beh6_ani8_ins1_cut_00015,15,105,90,90,0,15,0,85.71,83.35,92.31,100.0,85.71
1334_arm01_gopro4_20200323_035752_beh6_ani8_ins1_cut_00020,15,120,105,105,0,15,0,87.5,79.94,93.33,100.0,87.5
1335_arm01_gopro4_20200323_035752_beh4_ani8_ins1_cut_00003,15,105,135,87,48,18,0,37.14,72.53,71.67,64.44,82.86
1335_arm01_gopro4_20200323_035752_beh4_ani8_ins1_cut_00005,15,35,120,35,85,0,0,-142.86,83.73,43.87,29.17,100.0
1335_arm01_gopro4_20200323_035752_beh4_ani8_ins1_cut_00009,15,116,120,116,4,0,0,96.55,82.98,98.31,96.67,100.0
1335_arm01_gopro4_20200323_035752_beh4_ani8_ins1_cut_00011,15,120,120,118,2,2,0,96.67,79.03,98.33,98.33,98.33
1335_arm01_gopro4_20200323_035752_beh4_ani8_ins1_cut_00012,15,118,135,106,29,12,0,65.25,78.37,83.79,78.52,89.83
1335_arm01_gopro4_20200323_035752_beh4_ani8_ins1_cut_00019,15,120,105,105,0,15,0,87.5,78.4,93.33,100.0,87.5
1335_arm01_gopro4_20200323_035752_beh4_ani8_ins1_cut_00023,15,120,135,76,59,44,0,14.17,77.61,59.61,56.3,63.33
1335_arm01_gopro4_20200323_035752_beh4_ani8_ins1_cut_00037,15,120,105,105,0,15,0,87.5,69.97,93.33,100.0,87.5
1335_arm01_gopro4_20200323_035752_beh4_ani8_ins1_cut_00040,15,120,105,90,15,30,0,62.5,87.95,80.0,85.71,75.0
1335_arm01_gopro4_20200323_035752_beh4_ani8_ins1_cut_00044,15,120,120,109,11,11,0,81.67,70.8,90.83,90.83,90.83
1335_arm01_gopro4_20200323_035752_beh4_ani8_ins1_cut_00047,15,105,135,88,47,17,0,39.05,76.58,73.33,65.19,83.81
1335_arm01_gopro4_20200323_035752_beh4_ani8_ins1_cut_00051,15,120,105,79,26,41,0,44.17,78.78,70.22,75.24,65.83
1335_arm01_gopro4_20200323_035752_beh4_ani8_ins1_cut_00052,15,85,120,85,35,0,0,58.82,78.76,82.93,70.83,100.0
1335_arm01_gopro4_20200323_035752_beh4_ani8_ins1_cut_00057,15,120,120,120,0,0,0,100.0,77.16,100.0,100.0,100.0
1335_arm01_gopro4_20200323_035752_beh4_ani8_ins1_cut_00064,15,120,120,119,1,1,0,98.33,82.28,99.17,99.17,99.17
1335_arm01_gopro4_20200323_035752_beh4_ani8_ins1_cut_00065,15,120,135,118,17,2,0,84.17,85.15,92.55,87.41,98.33
1335_arm01_gopro4_20200323_035752_beh4_ani8_ins1_cut_00067,15,120,120,120,0,0,0,100.0,82.89,100.0,100.0,100.0
1335_arm01_gopro4_20200323_035752_beh4_ani8_ins1_cut_00068,15,106,120,106,14,0,0,86.79,83.49,93.81,88.33,100.0
1335_arm01_gopro4_20200323_035752_beh4_ani8_ins1_cut_00069,15,92,120,89,31,3,0,63.04,83.6,83.96,74.17,96.74
1335_arm01_gopro4_20200323_035752_beh4_ani8_ins1_cut_00070,15,120,135,120,15,0,0,87.5,79.62,94.12,88.89,100.0
1335_arm01_gopro4_20200323_035752_beh4_ani8_ins1_cut_00077,15,120,120,119,1,1,0,98.33,81.79,99.17,99.17,99.17
1335_arm01_gopro4_20200323_035752_beh4_ani8_ins1_cut_00084,15,120,135,118,17,2,0,84.17,72.74,92.55,87.41,98.33
1336_arm01_gopro4_20200323_041533_beh5_ani1_ins1_cut_00002,15,40,105,40,65,0,0,-62.5,81.26,55.17,38.1,100.0
1337_arm01_gopro4_20200323_041533_beh2_ani1_ins1_cut_00036,5,10,20,1,19,9,0,-180.0,82.29,6.67,5.0,10.0
1338_arm01_gopro4_20200323_041533_beh5_ani2_ins1_cut_00001,15,105,105,84,21,21,0,60.0,74.93,80.0,80.0,80.0
1338_arm01_gopro4_20200323_041533_beh5_ani2_ins1_cut_00005,15,105,120,73,47,32,0,24.76,74.16,64.89,60.83,69.52
1339_arm01_gopro4_20200323_041533_beh2_ani2_ins1_cut_00035,15,47,15,3,12,44,0,-19.15,53.24,9.68,20.0,6.38
1341_arm01_gopro4_20200323_041533_beh2_ani4_ins1_cut_00006,13,25,39,0,39,25,0,-156.0,0.0,0.0,0.0,0.0
1341_arm01_gopro4_20200323_041533_beh2_ani4_ins1_cut_00036,1,3,4,1,3,2,0,-66.67,56.44,28.57,25.0,33.33
1344_arm01_gopro4_20200323_041533_beh4_ani8_ins1_cut_00002,15,90,105,66,39,24,0,30.0,79.82,67.69,62.86,73.33
1345_arm01_gopro4_20200323_041533_beh2_ani8_ins1_cut_00001,15,97,135,35,100,62,6,-73.2,65.17,21.55,25.93,36.08
1345_arm01_gopro4_20200323_041533_beh2_ani8_ins1_cut_00034,9,17,2,0,2,17,0,-11.76,0.0,0.0,0.0,0.0
1345_arm01_gopro4_20200323_041533_beh2_ani8_ins1_cut_00035,15,41,45,10,35,31,3,-68.29,60.59,16.28,22.22,24.39
1346_arm01_gopro4_20200324_040135_beh5_ani1_ins1_cut_00007,15,30,75,30,45,0,0,-50.0,74.17,57.14,40.0,100.0
1347_arm01_gopro4_20200324_040135_beh3_ani1_ins1_cut_00005,15,30,90,30,60,0,0,-100.0,67.83,50.0,33.33,100.0
1347_arm01_gopro4_20200324_040135_beh3_ani1_ins1_cut_00008,15,60,105,30,75,30,0,-75.0,70.2,36.36,28.57,50.0
1347_arm01_gopro4_20200324_040135_beh3_ani1_ins1_cut_00009,15,90,105,32,73,58,0,-45.56,68.86,32.82,30.48,35.56
1347_arm01_gopro4_20200324_040135_beh3_ani1_ins1_cut_00013,15,15,120,15,105,0,0,-600.0,86.74,22.22,12.5,100.0
1347_arm01_gopro4_20200324_040135_beh3_ani1_ins1_cut_00021,15,55,90,55,35,0,0,36.36,80.14,71.72,61.11,100.0
1347_arm01_gopro4_20200324_040135_beh3_ani1_ins1_cut_00032,15,45,105,40,65,5,0,-55.56,72.15,53.33,38.1,88.89
1347_arm01_gopro4_20200324_040135_beh3_ani1_ins1_cut_00033,15,45,105,45,60,0,0,-33.33,76.2,60.0,42.86,100.0
1347_arm01_gopro4_20200324_040135_beh3_ani1_ins1_cut_00034,15,75,105,36,69,39,0,-44.0,73.8,40.0,34.29,48.0
1347_arm01_gopro4_20200324_040135_beh3_ani1_ins1_cut_00035,15,52,120,52,68,0,0,-30.77,73.97,60.47,43.33,100.0
1347_arm01_gopro4_20200324_040135_beh3_ani1_ins1_cut_00039,15,60,105,57,48,3,0,15.0,78.9,69.09,54.29,95.0
1347_arm01_gopro4_20200324_040135_beh3_ani1_ins1_cut_00047,15,45,90,31,59,14,0,-62.22,86.66,45.93,34.44,68.89
1347_arm01_gopro4_20200324_040135_beh3_ani1_ins1_cut_00062,15,15,120,15,105,0,0,-600.0,79.25,22.22,12.5,100.0
1347_arm01_gopro4_20200324_040135_beh3_ani1_ins1_cut_00066,15,60,90,30,60,30,0,-50.0,80.46,40.0,33.33,50.0
1349_arm01_gopro4_20200324_040135_beh3_ani1_ins2_cut_00006,15,75,120,75,45,0,0,40.0,77.12,76.92,62.5,100.0
1349_arm01_gopro4_20200324_040135_beh3_ani1_ins2_cut_00007,15,75,90,48,42,27,0,8.0,85.2,58.18,53.33,64.0
1349_arm01_gopro4_20200324_040135_beh3_ani1_ins2_cut_00011,15,75,105,73,32,2,0,54.67,83.94,81.11,69.52,97.33
1349_arm01_gopro4_20200324_040135_beh3_ani1_ins2_cut_00020,15,90,90,90,0,0,0,100.0,82.33,100.0,100.0,100.0
1349_arm01_gopro4_20200324_040135_beh3_ani1_ins2_cut_00023,15,28,90,28,62,0,0,-121.43,85.62,47.46,31.11,100.0
1350_arm01_gopro4_20200324_040135_beh5_ani3_ins1_cut_00001,15,35,30,5,25,30,0,-57.14,80.02,15.38,16.67,14.29
1351_arm01_gopro4_20200324_040135_beh3_ani3_ins1_cut_00001,15,15,75,15,60,0,0,-300.0,87.43,33.33,20.0,100.0
1351_arm01_gopro4_20200324_040135_beh3_ani3_ins1_cut_00026,15,75,105,30,75,45,0,-60.0,75.76,33.33,28.57,40.0
1351_arm01_gopro4_20200324_040135_beh3_ani3_ins1_cut_00027,15,60,105,16,89,44,0,-121.67,77.61,19.39,15.24,26.67
1351_arm01_gopro4_20200324_040135_beh3_ani3_ins1_cut_00029,15,45,105,30,75,15,0,-100.0,80.68,40.0,28.57,66.67
1351_arm01_gopro4_20200324_040135_beh3_ani3_ins1_cut_00030,15,45,90,30,60,15,0,-66.67,78.34,44.44,33.33,66.67
1351_arm01_gopro4_20200324_040135_beh3_ani3_ins1_cut_00044,15,15,120,10,110,5,0,-666.67,68.29,14.81,8.33,66.67
1351_arm01_gopro4_20200324_040135_beh3_ani3_ins1_cut_00047,15,45,90,45,45,0,0,0.0,78.99,66.67,50.0,100.0
1351_arm01_gopro4_20200324_040135_beh3_ani3_ins1_cut_00048,15,45,90,32,58,13,0,-57.78,85.02,47.41,35.56,71.11
1351_arm01_gopro4_20200324_040135_beh3_ani3_ins1_cut_00050,15,45,90,30,60,15,0,-66.67,78.87,44.44,33.33,66.67
1351_arm01_gopro4_20200324_040135_beh3_ani3_ins1_cut_00053,15,59,120,58,62,1,0,-6.78,86.56,64.8,48.33,98.31
1351_arm01_gopro4_20200324_040135_beh3_ani3_ins1_cut_00055,15,45,135,31,104,14,0,-162.22,76.03,34.44,22.96,68.89
1351_arm01_gopro4_20200324_040135_beh3_ani3_ins1_cut_00062,15,45,105,45,60,0,0,-33.33,79.97,60.0,42.86,100.0
1351_arm01_gopro4_20200324_040135_beh3_ani3_ins1_cut_00068,15,70,90,35,55,35,0,-28.57,77.01,43.75,38.89,50.0
1351_arm01_gopro4_20200324_040135_beh3_ani3_ins1_cut_00069,15,75,60,30,30,45,0,0.0,77.37,44.44,50.0,40.0
1351_arm01_gopro4_20200324_040135_beh3_ani3_ins1_cut_00074,15,47,90,37,53,10,0,-34.04,74.09,54.01,41.11,78.72
1351_arm01_gopro4_20200324_040135_beh3_ani3_ins1_cut_00083,15,75,105,67,38,8,4,33.33,74.29,70.0,63.81,89.33
1351_arm01_gopro4_20200324_040135_beh3_ani3_ins1_cut_00099,14,84,84,80,4,4,0,90.48,78.07,95.24,95.24,95.24
1352_arm01_gopro4_20200324_040135_beh3_ani4_ins1_cut_00004,15,60,105,59,46,1,0,21.67,70.18,71.52,56.19,98.33
1352_arm01_gopro4_20200324_040135_beh3_ani4_ins1_cut_00008,15,43,105,43,62,0,0,-44.19,83.17,58.11,40.95,100.0
1352_arm01_gopro4_20200324_040135_beh3_ani4_ins1_cut_00015,15,45,90,33,57,12,0,-53.33,86.38,48.89,36.67,73.33
1352_arm01_gopro4_20200324_040135_beh3_ani4_ins1_cut_00017,15,45,90,30,60,15,0,-66.67,74.42,44.44,33.33,66.67
1352_arm01_gopro4_20200324_040135_beh3_ani4_ins1_cut_00032,15,105,105,59,46,46,0,12.38,78.97,56.19,56.19,56.19
1352_arm01_gopro4_20200324_040135_beh3_ani4_ins1_cut_00033,15,75,105,45,60,30,0,-20.0,81.45,50.0,42.86,60.0
1357_arm01_gopro4_20200324_040135_beh8_ani5_ins1_cut_00001,15,60,105,29,76,31,0,-78.33,73.21,35.15,27.62,48.33
1357_arm01_gopro4_20200324_040135_beh8_ani5_ins1_cut_00002,15,45,90,18,72,27,0,-120.0,86.82,26.67,20.0,40.0
1362_arm01_gopro4_20200324_040135_beh6_ani5_ins1_cut_00009,15,75,120,75,45,0,0,40.0,71.52,76.92,62.5,100.0
1366_arm01_gopro4_20200324_040135_beh5_ani6_ins1_cut_00006,15,69,105,45,60,24,0,-21.74,79.93,51.72,42.86,65.22
1366_arm01_gopro4_20200324_040135_beh5_ani6_ins1_cut_00012,15,60,105,47,58,13,0,-18.33,77.58,56.97,44.76,78.33
1366_arm01_gopro4_20200324_040135_beh5_ani6_ins1_cut_00016,15,61,90,33,57,28,0,-39.34,73.35,43.71,36.67,54.1
1368_arm01_gopro4_20200324_040135_beh6_ani6_ins1_cut_00007,15,30,120,30,90,0,0,-200.0,79.02,40.0,25.0,100.0
1368_arm01_gopro4_20200324_040135_beh6_ani6_ins1_cut_00013,15,45,105,45,60,0,0,-33.33,87.89,60.0,42.86,100.0
1368_arm01_gopro4_20200324_040135_beh6_ani6_ins1_cut_00014,15,90,120,83,37,7,0,51.11,81.09,79.05,69.17,92.22
1368_arm01_gopro4_20200324_040135_beh6_ani6_ins1_cut_00016,15,79,120,69,51,10,0,22.78,79.74,69.35,57.5,87.34
1369_arm01_gopro4_20200324_040135_beh5_ani8_ins1_cut_00005,15,45,105,27,78,18,0,-113.33,69.73,36.0,25.71,60.0
1369_arm01_gopro4_20200324_040135_beh5_ani8_ins1_cut_00006,15,45,75,45,30,0,0,33.33,83.73,75.0,60.0,100.0
1369_arm01_gopro4_20200324_040135_beh5_ani8_ins1_cut_00007,15,30,105,29,76,1,0,-156.67,74.33,42.96,27.62,96.67
1369_arm01_gopro4_20200324_040135_beh5_ani8_ins1_cut_00022,15,60,120,30,90,30,0,-100.0,74.71,33.33,25.0,50.0
1369_arm01_gopro4_20200324_040135_beh5_ani8_ins1_cut_00025,15,60,135,59,76,1,0,-28.33,73.28,60.51,43.7,98.33
1369_arm01_gopro4_20200324_040135_beh5_ani8_ins1_cut_00028,15,60,105,57,48,3,0,15.0,77.43,69.09,54.29,95.0
1369_arm01_gopro4_20200324_040135_beh5_ani8_ins1_cut_00030,15,60,105,35,70,25,0,-58.33,80.88,42.42,33.33,58.33
1369_arm01_gopro4_20200324_040135_beh5_ani8_ins1_cut_00045,15,51,120,35,85,16,0,-98.04,77.23,40.94,29.17,68.63
1369_arm01_gopro4_20200324_040135_beh5_ani8_ins1_cut_00047,15,72,105,45,60,27,0,-20.83,75.51,50.85,42.86,62.5
1369_arm01_gopro4_20200324_040135_beh5_ani8_ins1_cut_00051,15,75,105,75,30,0,0,60.0,82.08,83.33,71.43,100.0
1369_arm01_gopro4_20200324_040135_beh5_ani8_ins1_cut_00055,15,72,105,23,82,49,0,-81.94,72.95,25.99,21.9,31.94
1370_arm01_gopro4_20200324_040135_beh6_ani8_ins1_cut_00005,15,47,105,31,74,16,1,-93.62,74.04,34.21,29.52,65.96
1370_arm01_gopro4_20200324_040135_beh6_ani8_ins1_cut_00010,15,75,105,75,30,0,0,60.0,83.81,83.33,71.43,100.0
1370_arm01_gopro4_20200324_040135_beh6_ani8_ins1_cut_00017,15,64,105,58,47,6,0,17.19,84.02,68.64,55.24,90.62
1370_arm01_gopro4_20200324_040135_beh6_ani8_ins1_cut_00027,15,90,90,90,0,0,0,100.0,79.06,100.0,100.0,100.0
1373_arm01_gopro4_20200324_041916_beh2_ani3_ins1_cut_00003,14,19,70,15,55,4,1,-215.79,77.99,26.97,21.43,78.95
1374_arm01_gopro4_20200324_041916_beh2_ani4_ins1_cut_00003,12,17,48,14,34,3,1,-123.53,79.79,36.92,29.17,82.35
1375_arm01_gopro4_20200324_041916_beh2_ani5_ins1_cut_00002,14,36,126,18,108,18,6,-266.67,69.6,11.11,14.29,50.0
1377_arm01_gopro4_20200324_041916_beh2_ani8_ins1_cut_00003,10,13,60,11,49,2,1,-300.0,74.76,21.92,18.33,84.62
1388_arm01_gopro4_20200325_022249_beh5_ani3_ins1_cut_00001,15,105,105,90,15,15,0,71.43,79.03,85.71,85.71,85.71
